{
  "type": "q8_0",
  "vs": "f16",
  "kld_mean": 0.00040840381434932094,
  "top1_agreement_pct": 100.0,
  "delta_p_rms": 0.015285915369362794,
  "n_prompts": 100
}